{
    "accuracy": 0.592,
    "precision": 0.4864864864864865,
    "recall": 0.7346938775510204,
    "auc": 0.6686358754027927
}