{
    "accuracy": 0.61,
    "precision": 0.4918032786885246,
    "recall": 0.7894736842105263,
    "auc": 0.7351443123938879
}